theta_rad,Qi,Q_chan,log_c,c,spacing,radius,series_terms,coarse_Qi,wide_Qi,discretisation_delta_Qi,domain_delta_Qi,estimated_error_Qi,relative_residual,method,generator_sha256
0.050000000000000003,-4.0939563212975019,-3.0939563212975019,1.0978073463491094,2.9975861446804828,0.025000000000000001,40,3000,-4.0939615886866649,-4.0939563212975019,5.2673891630661274e-06,0,5.2673891630661274e-06,5.3308475096649444e-16,scott-2020-regularised-nystrom-v1,ad64d1fc746573f0ddb77d4c7c70cbb73ea997be025338cbf14aaf058317a04e
0.074999999999999997,-3.6880044064594757,-2.6880044064594757,1.0967995651695936,2.9945667554772499,0.025000000000000001,40,3000,-3.6880079377935675,-3.6880044064594624,3.5313340918108338e-06,1.3322676295501878e-14,3.5313340918108338e-06,6.2219156244192453e-16,scott-2020-regularised-nystrom-v1,ad64d1fc746573f0ddb77d4c7c70cbb73ea997be025338cbf14aaf058317a04e
0.10000000000000001,-3.3996431057228502,-2.3996431057228502,1.095390790153584,2.990351054832455,0.050000000000000003,40,3000,-3.3996641593790033,-3.3996431057228436,2.1053656153124933e-05,6.6613381477509392e-15,2.1053656153124933e-05,4.1503669742267032e-16,scott-2020-regularised-nystrom-v1,ad64d1fc746573f0ddb77d4c7c70cbb73ea997be025338cbf14aaf058317a04e
0.14999999999999999,-2.9922254361812697,-1.9922254361812697,1.0913526347707387,2.9782999012154172,0.050000000000000003,40,3000,-2.9922395365065886,-2.9922254361812741,1.410032531889982e-05,4.4408920985006262e-15,1.410032531889982e-05,7.1268123624301893e-16,scott-2020-regularised-nystrom-v1,ad64d1fc746573f0ddb77d4c7c70cbb73ea997be025338cbf14aaf058317a04e
0.20000000000000001,-2.701801453837815,-1.701801453837815,1.0856879632052587,2.9614765049452179,0.050000000000000003,40,3000,-2.701812009776694,-2.7018014538378203,1.055593887899775e-05,5.3290705182007514e-15,1.055593887899775e-05,7.1435406773077546e-16,scott-2020-regularised-nystrom-v1,ad64d1fc746573f0ddb77d4c7c70cbb73ea997be025338cbf14aaf058317a04e
0.25,-2.4751170109250347,-1.4751170109250347,1.0783841952272448,2.9399253657447058,0.050000000000000003,40,3000,-2.4751254354192294,-2.4751170109250276,8.4244941946920449e-06,7.1054273576010019e-15,8.4244941946920449e-06,5.9709769754650946e-16,scott-2020-regularised-nystrom-v1,ad64d1fc746573f0ddb77d4c7c70cbb73ea997be025338cbf14aaf058317a04e
0.29999999999999999,-2.2884433431813274,-1.2884433431813274,1.0694252799640998,2.9137044543533537,0.050000000000000003,40,3000,-2.28845034299398,-2.2884433431813305,6.9998126526193971e-06,3.1086244689504383e-15,6.9998126526193971e-06,1.0787703087242414e-15,scott-2020-regularised-nystrom-v1,ad64d1fc746573f0ddb77d4c7c70cbb73ea997be025338cbf14aaf058317a04e
0.34999999999999998,-2.1291142385201098,-1.1291142385201098,1.05879142486407,2.8828847002027547,0.050000000000000003,40,3000,-2.1291202175395632,-2.1291142385201089,5.9790194533171359e-06,8.8817841970012523e-16,5.9790194533171359e-06,1.3694641817684069e-15,scott-2020-regularised-nystrom-v1,ad64d1fc746573f0ddb77d4c7c70cbb73ea997be025338cbf14aaf058317a04e
0.40000000000000002,-1.9895599840710327,-0.98955998407103274,1.0464589009460135,2.8475497878531599,0.050000000000000003,40,3000,-1.9895651947503121,-1.9895599840710019,5.2106792793882306e-06,3.0864200084579352e-14,5.2106792793882306e-06,1.0285779148130682e-15,scott-2020-regularised-nystrom-v1,ad64d1fc746573f0ddb77d4c7c70cbb73ea997be025338cbf14aaf058317a04e
0.45000000000000001,-1.8648883208078435,-0.8648883208078435,1.0323998378471693,2.8077960109373823,0.050000000000000003,40,3000,-1.864892931472298,-1.8648883208078479,4.6106644544519071e-06,4.4408920985006262e-15,4.6106644544519071e-06,7.5311955636418612e-16,scott-2020-regularised-nystrom-v1,ad64d1fc746573f0ddb77d4c7c70cbb73ea997be025338cbf14aaf058317a04e
0.5,-1.7517486753150731,-0.75174867531507306,1.0165819889297589,2.7637321344598318,0.050000000000000003,40,3000,-1.7517528038164956,-1.7517486753150535,4.1285014225067584e-06,1.9539925233402755e-14,4.1285014225067584e-06,1.5314635246957789e-15,scott-2020-regularised-nystrom-v1,ad64d1fc746573f0ddb77d4c7c70cbb73ea997be025338cbf14aaf058317a04e
0.55000000000000004,-1.6477404847667365,-0.64774048476673651,0.9989684583193158,2.715479253188259,0.050000000000000003,40,3000,-1.6477442168401146,-1.6477404847667305,3.7320733781154303e-06,5.9952043329758453e-15,3.7320733781154303e-06,1.0181760649438438e-15,scott-2020-regularised-nystrom-v1,ad64d1fc746573f0ddb77d4c7c70cbb73ea997be025338cbf14aaf058317a04e
0.59999999999999998,-1.5510799226731131,-0.55107992267311312,0.97951738408977307,2.663170643205111,0.050000000000000003,40,3000,-1.5510833226450251,-1.5510799226730774,3.3999719120103578e-06,3.5749181392930041e-14,3.3999719120103578e-06,1.3996706392059906e-15,scott-2020-regularised-nystrom-v1,ad64d1fc746573f0ddb77d4c7c70cbb73ea997be025338cbf14aaf058317a04e
0.65000000000000002,-1.4604003316832883,-0.46040033168328831,0.95818157193087949,2.6069516066547598,0.050000000000000003,40,3000,-1.4604034490617734,-1.4604003316832606,3.117378485129052e-06,2.7755575615628914e-14,3.117378485129052e-06,1.2238356914956862e-15,scott-2020-regularised-nystrom-v1,ad64d1fc746573f0ddb77d4c7c70cbb73ea997be025338cbf14aaf058317a04e
0.69999999999999996,-1.3746266593452174,-0.37462665934521744,0.93490807301131817,2.5469793108386827,0.050000000000000003,40,3000,-1.3746295330561542,-1.3746266593452234,2.8737109367682478e-06,5.9952043329758453e-15,2.8737109367682478e-06,1.4416687867307577e-15,scott-2020-regularised-nystrom-v1,ad64d1fc746573f0ddb77d4c7c70cbb73ea997be025338cbf14aaf058317a04e
0.75,-1.2928931376213411,-0.29289313762134106,0.90963769876890455,2.4834226233016423,0.050000000000000003,40,3000,-1.2928957988330163,-1.2928931376213071,2.6612116752477988e-06,3.397282455352979e-14,2.6612116752477988e-06,1.5009011359946759e-15,scott-2020-regularised-nystrom-v1,ad64d1fc746573f0ddb77d4c7c70cbb73ea997be025338cbf14aaf058317a04e
0.80000000000000004,-1.2144873857406737,-0.21448738574067372,0.88230446410054419,2.4164619447684128,0.050000000000000003,40,3000,-1.214489859805401,-1.2144873857406586,2.4740647273091554e-06,1.5099033134902129e-14,2.4740647273091554e-06,1.1010812124257474e-15,scott-2020-regularised-nystrom-v1,ad64d1fc746573f0ddb77d4c7c70cbb73ea997be025338cbf14aaf058317a04e
0.84999999999999998,-1.1388112701121718,-0.13881127011217176,0.85283494889295586,2.3462890418647029,0.050000000000000003,40,3000,-1.1388135779374315,-1.1388112701121633,2.3078252597841242e-06,8.4376949871511897e-15,2.3078252597841242e-06,1.0449756904899612e-15,scott-2020-regularised-nystrom-v1,ad64d1fc746573f0ddb77d4c7c70cbb73ea997be025338cbf14aaf058317a04e
0.90000000000000002,-1.0653527270156051,-0.065352727015605128,0.82114756599438588,2.2731068815276312,0.050000000000000003,40,3000,-1.0653548860541182,-1.0653527270155909,2.1590385130831891e-06,1.4210854715202004e-14,2.1590385130831891e-06,1.793764960502508e-15,scott-2020-regularised-nystrom-v1,ad64d1fc746573f0ddb77d4c7c70cbb73ea997be025338cbf14aaf058317a04e
0.94999999999999996,-0.99366494549840179,0.006335054501598214,0.78715172151090573,2.1971294688688667,0.050000000000000003,40,3000,-0.99366697047780306,-0.99366494549837969,2.0249794012716649e-06,2.2093438190040615e-14,2.0249794012716649e-06,1.8403266706088135e-15,scott-2020-regularised-nystrom-v1,ad64d1fc746573f0ddb77d4c7c70cbb73ea997be025338cbf14aaf058317a04e
1,-0.92335059691284183,0.076649403087158174,0.75074685064375013,2.1185816900012755,0.050000000000000003,40,3000,-0.92335250038314032,-0.92335059691281363,1.9034702984921381e-06,2.8199664825478976e-14,1.9034702984921381e-06,2.1377075429390199e-15,scott-2020-regularised-nystrom-v1,ad64d1fc746573f0ddb77d4c7c70cbb73ea997be025338cbf14aaf058317a04e
1.05,-0.85404958088977001,0.14595041911022999,0.71182130905604779,2.0376991609390807,0.050000000000000003,40,3000,-0.8540513736405273,-0.85404958088977279,1.7927507572901291e-06,2.7755575615628914e-15,1.7927507572901291e-06,1.6424298673934801e-15,scott-2020-regularised-nystrom-v1,ad64d1fc746573f0ddb77d4c7c70cbb73ea997be025338cbf14aaf058317a04e
1.1000000000000001,-0.78542924708087436,0.21457075291912564,0.67025109583441811,1.9547280830982421,0.050000000000000003,40,3000,-0.78543093846384948,-0.78542924708086037,1.6913829751219467e-06,1.3988810110276972e-14,1.6913829751219467e-06,1.945078054470739e-15,scott-2020-regularised-nystrom-v1,ad64d1fc746573f0ddb77d4c7c70cbb73ea997be025338cbf14aaf058317a04e
1.1499999999999999,-0.71717636507296212,0.28282363492703788,0.62589837932344183,1.869925105114328,0.050000000000000003,40,3000,-0.71717796325432059,-0.71717636507292948,1.5981813584753368e-06,3.2640556923979602e-14,1.5981813584753368e-06,1.864099890570328e-15,scott-2020-regularised-nystrom-v1,ad64d1fc746573f0ddb77d4c7c70cbb73ea997be025338cbf14aaf058317a04e
1.2,-0.64899031867611401,0.35100968132388599,0.57860979123328138,1.7835571895871773,0.050000000000000003,40,3000,-0.64899183083675438,-0.648990318676119,1.5121606403711851e-06,4.9960036108132044e-15,1.5121606403711851e-06,2.644817418196673e-15,scott-2020-regularised-nystrom-v1,ad64d1fc746573f0ddb77d4c7c70cbb73ea997be025338cbf14aaf058317a04e
1.25,-0.58057713489359775,0.41942286510640225,0.5282144471778123,1.6959014818960347,0.050000000000000003,40,3000,-0.58057856738910596,-0.58057713489358542,1.4324955082134494e-06,1.2323475573339238e-14,1.4324955082134494e-06,1.3479147292024275e-15,scott-2020-regularised-nystrom-v1,ad64d1fc746573f0ddb77d4c7c70cbb73ea997be025338cbf14aaf058317a04e
1.3,-0.51164404612576808,0.48835595387423192,0.47452164281368836,1.6072451762867972,0.050000000000000003,40,3000,-0.51164540461611119,-0.51164404612572068,1.3584903431063111e-06,4.7406523151494184e-14,1.3584903431063111e-06,1.7448335097350095e-15,scott-2020-regularised-nystrom-v1,ad64d1fc746573f0ddb77d4c7c70cbb73ea997be025338cbf14aaf058317a04e
1.3500000000000001,-0.44189434114800996,0.55810565885199004,0.41731816355114709,1.5178853719171106,0.050000000000000003,40,3000,-0.44189563070296423,-0.44189434114797949,1.2895549542646378e-06,3.0475622025960547e-14,1.2895549542646378e-06,1.9214172274805416e-15,scott-2020-regularised-nystrom-v1,ad64d1fc746573f0ddb77d4c7c70cbb73ea997be025338cbf14aaf058317a04e
1.3999999999999999,-0.37102229509931756,0.62897770490068239,0.35636513175743245,1.4281289082936259,0.050000000000000003,40,3000,-0.37102352028553653,-0.37102229509934287,1.2251862189782692e-06,2.5313084961453569e-14,1.2251862189782692e-06,1.8317814142031725e-15,scott-2020-regularised-nystrom-v1,ad64d1fc746573f0ddb77d4c7c70cbb73ea997be025338cbf14aaf058317a04e
1.45,-0.29870798655058661,0.70129201344941339,0.29139429764804348,1.3382921653843467,0.050000000000000003,40,3000,-0.29870915150354782,-0.29870798655055197,1.1649529612078879e-06,3.4638958368304884e-14,1.1649529612078879e-06,2.0982877237610861e-15,scott-2020-regularised-nystrom-v1,ad64d1fc746573f0ddb77d4c7c70cbb73ea997be025338cbf14aaf058317a04e
1.5,-0.22461181373850647,0.77538818626149353,0.22210365754691008,1.248700808418566,0.050000000000000003,40,3000,-0.22461292222288892,-0.22461181373847003,1.1084843824504809e-06,3.6443070783320763e-14,1.1084843824504809e-06,1.8342247817714222e-15,scott-2020-regularised-nystrom-v1,ad64d1fc746573f0ddb77d4c7c70cbb73ea997be025338cbf14aaf058317a04e
1.55,-0.14836851360222825,0.85163148639777175,0.14815225440925153,1.1596894507542803,0.050000000000000003,40,3000,-0.14836956906236465,-0.14836851360221703,1.0554601364010097e-06,1.1213252548714081e-14,1.0554601364010097e-06,2.2080477361932196e-15,scott-2020-regularised-nystrom-v1,ad64d1fc746573f0ddb77d4c7c70cbb73ea997be025338cbf14aaf058317a04e
1.5707963267948966,-0.11593151565841242,0.88406848434158758,0.11593151565841242,1.1229189671337703,0,0,0,-0.11593151565841242,-0.11593151565841242,0,0,0,0,scott-2020-regularised-nystrom-v1,ad64d1fc746573f0ddb77d4c7c70cbb73ea997be025338cbf14aaf058317a04e
1.6000000000000001,-0.069580466314829212,0.93041953368517083,0.069153978423301246,1.0716011999086814,0.050000000000000003,40,3000,-0.069581471917764537,-0.069580466314814557,1.005602935325034e-06,1.4654943925052066e-14,1.005602935325034e-06,2.1719445151582379e-15,scott-2020-regularised-nystrom-v1,ad64d1fc746573f0ddb77d4c7c70cbb73ea997be025338cbf14aaf058317a04e
1.6499999999999999,0.012189966744762382,1.0121899667447625,-0.015329862608564684,0.98478704159773478,0.050000000000000003,40,3000,0.012189008073077408,0.012189966744888897,9.5867168497382194e-07,1.2651511782646452e-13,9.5867168497382194e-07,2.4112402078541276e-15,scott-2020-regularised-nystrom-v1,ad64d1fc746573f0ddb77d4c7c70cbb73ea997be025338cbf14aaf058317a04e
1.7,0.097429374879876449,1.0974293748798765,-0.10579949636478164,0.89960500406788002,0.050000000000000003,40,3000,0.097428460422754992,0.097429374879907604,9.1445712145643565e-07,3.1155633628543455e-14,9.1445712145643565e-07,2.6736611291259038e-15,scott-2020-regularised-nystrom-v1,ad64d1fc746573f0ddb77d4c7c70cbb73ea997be025338cbf14aaf058317a04e
1.75,0.18668387523470853,1.1866838752347086,-0.20282753889875357,0.81641902980996062,0.050000000000000003,40,3000,0.1866830024582154,0.18668387523475805,8.7277649313266537e-07,4.9515946898281982e-14,8.7277649313266537e-07,2.6330874111952533e-15,scott-2020-regularised-nystrom-v1,ad64d1fc746573f0ddb77d4c7c70cbb73ea997be025338cbf14aaf058317a04e
1.8,0.28057181024737643,1.2805718102473764,-0.30707223429446473,0.73559746362431444,0.050000000000000003,40,3000,0.2805709767767578,0.28057181024741618,8.3347061863303651e-07,3.9745984281580604e-14,8.3347061863303651e-07,1.8159478434409318e-15,scott-2020-regularised-nystrom-v1,ad64d1fc746573f0ddb77d4c7c70cbb73ea997be025338cbf14aaf058317a04e
1.8500000000000001,0.37979917727273593,1.3797991772727358,-0.41929371681873029,0.65751104485106882,0.050000000000000003,40,3000,0.37979838087214673,0.37979917727275075,7.9640058919805412e-07,1.482147737874584e-14,7.9640058919805412e-07,1.8161701262709619e-15,scott-2020-regularised-nystrom-v1,ad64d1fc746573f0ddb77d4c7c70cbb73ea997be025338cbf14aaf058317a04e
1.8999999999999999,0.48517859068329816,1.4851785906832982,-0.54037413348781127,0.58253026751807302,0.050000000000000003,40,3000,0.48517782923780822,0.4851785906833388,7.6144548993850592e-07,4.0634162701280729e-14,7.6144548993850592e-07,1.8102840511402172e-15,scott-2020-regularised-nystrom-v1,ad64d1fc746573f0ddb77d4c7c70cbb73ea997be025338cbf14aaf058317a04e
1.95,0.59765283786935663,1.5976528378693566,-0.67134274280580564,0.51102194586325222,0.050000000000000003,40,3000,0.59765210936971314,0.59765283786937795,7.2849964349863683e-07,2.1316282072803006e-14,7.2849964349863683e-07,1.8693837251443431e-15,scott-2020-regularised-nystrom-v1,ad64d1fc746573f0ddb77d4c7c70cbb73ea997be025338cbf14aaf058317a04e
2,0.71832445576815485,1.7183244557681547,-0.8134074918633154,0.44334479567471147,0.050000000000000003,40,3000,0.71832375829630923,0.71832445576843662,6.9747184561208542e-07,2.8177460364986473e-13,6.9747184561208542e-07,2.1630041816146723e-15,scott-2020-regularised-nystrom-v1,ad64d1fc746573f0ddb77d4c7c70cbb73ea997be025338cbf14aaf058317a04e
2.0499999999999998,0.84849327119953044,1.8484932711995303,-0.96799511845406705,0.37984381707189335,0.050000000000000003,40,3000,0.84849260291686046,0.84849327119960893,6.6828266997998043e-07,7.8492767840998567e-14,6.6828266997998043e-07,2.1627627633620419e-15,scott-2020-regularised-nystrom-v1,ad64d1fc746573f0ddb77d4c7c70cbb73ea997be025338cbf14aaf058317a04e
2.1000000000000001,0.98970458880173739,1.9897045888017373,-1.1368026028227405,0.32084324680835852,0.050000000000000003,40,3000,0.98970394793807337,0.98970458880194823,6.4086366402538175e-07,2.1083135237631723e-13,6.4086366402538175e-07,2.6041327934928235e-15,scott-2020-regularised-nystrom-v1,ad64d1fc746573f0ddb77d4c7c70cbb73ea997be025338cbf14aaf058317a04e
2.1499999999999999,1.1438117874092002,2.1438117874092004,-1.321863922211364,0.26663784629643444,0.050000000000000003,40,3000,1.1438111722519468,1.1438117874096805,6.1515725335858917e-07,4.8028248045284272e-13,6.1515725335858917e-07,2.9164752786139841e-15,scott-2020-regularised-nystrom-v1,ad64d1fc746573f0ddb77d4c7c70cbb73ea997be025338cbf14aaf058317a04e
2.2000000000000002,1.3130586778135642,2.3130586778135642,-1.525637725754307,0.21748231855578892,0.050000000000000003,40,3000,1.313058086697994,1.3130586778163646,5.9111557026980677e-07,2.8004265573144949e-12,5.9111557026980677e-07,1.7950222332155403e-15,scott-2020-regularised-nystrom-v1,ad64d1fc746573f0ddb77d4c7c70cbb73ea997be025338cbf14aaf058317a04e
2.2124999999999999,1.3580446338093597,2.3580446338093597,-1.579842630210408,0.20600751501339543,0.050000000000000003,40,3000,1.3580440484483989,1.3580446338132421,5.853609608141852e-07,3.8824499171141724e-12,5.853609608141852e-07,1.8335467561318077e-15,scott-2020-regularised-nystrom-v1,ad64d1fc746573f0ddb77d4c7c70cbb73ea997be025338cbf14aaf058317a04e
2.2250000000000001,1.4041937616390565,2.4041937616390565,-1.6354542079622802,0.19486384248664076,0.050000000000000003,40,3000,1.4041931819309696,1.4041937616441722,5.7970808686746977e-07,5.1156856528677963e-12,5.7970808686746977e-07,1.5977907801958132e-15,scott-2020-regularised-nystrom-v1,ad64d1fc746573f0ddb77d4c7c70cbb73ea997be025338cbf14aaf058317a04e
2.2374999999999998,1.4515573051021846,2.4515573051021846,-1.6925283555091284,0.18405358231927282,0.050000000000000003,40,3000,1.4515567309457977,1.4515573051092121,5.7415638687885462e-07,7.0274897012723159e-12,5.7415638687885462e-07,1.6891665939504135e-15,scott-2020-regularised-nystrom-v1,ad64d1fc746573f0ddb77d4c7c70cbb73ea997be025338cbf14aaf058317a04e
2.25,1.5001893707456924,2.5001893707456926,-1.7511240465715059,0.17357872318398296,0.050000000000000003,40,3000,1.5001888020397214,1.5001893707552292,5.6870597098246378e-07,9.5368157815300947e-12,5.6870597098246378e-07,1.7841959194809737e-15,scott-2020-regularised-nystrom-v1,ad64d1fc746573f0ddb77d4c7c70cbb73ea997be025338cbf14aaf058317a04e
2.2999999999999998,1.7085970810190954,2.7085970810190956,-2.0020219958329974,0.13506191232840836,0.050000000000000003,40,3000,1.7085965330964792,1.7085970810496527,5.479226161675399e-07,3.0557334440572959e-11,5.479226161675399e-07,2.0792416968978052e-15,scott-2020-regularised-nystrom-v1,ad64d1fc746573f0ddb77d4c7c70cbb73ea997be025338cbf14aaf058317a04e
2.3500000000000001,1.9425290613767876,2.9425290613767876,-2.2829463756865942,0.10198328255126557,0.050000000000000003,40,3000,1.942528532557811,1.9425290614710946,5.2881897660839172e-07,9.4307006648364222e-11,5.2881897660839172e-07,2.0097820136904362e-15,scott-2020-regularised-nystrom-v1,ad64d1fc746573f0ddb77d4c7c70cbb73ea997be025338cbf14aaf058317a04e
2.3999999999999999,2.2073741271550849,3.2073741271550849,-2.5997307571786314,0.074293578534435925,0.050000000000000003,40,3000,2.2073736155517012,2.2073741274327361,5.1160338365718872e-07,2.776512353364069e-10,5.1160338365718872e-07,2.2993181065529859e-15,scott-2020-regularised-nystrom-v1,ad64d1fc746573f0ddb77d4c7c70cbb73ea997be025338cbf14aaf058317a04e
2.4500000000000002,2.5100745309085069,3.5100745309085069,-2.9598604000031159,0.051826151598352833,0.050000000000000003,40,3000,2.5100740340498007,2.5100745316900079,4.9685870617821593e-07,7.8150108606678259e-10,4.9685870617821593e-07,2.6438243894758434e-15,scott-2020-regularised-nystrom-v1,ad64d1fc746573f0ddb77d4c7c70cbb73ea997be025338cbf14aaf058317a04e
2.5,2.8597299745575757,3.8597299745575757,-3.3731052724753692,0.034283013782475086,0.050000000000000003,40,3000,2.8597294884822495,2.8597299766583255,4.8607532621147698e-07,2.100749796341006e-09,4.8607532621147698e-07,1.6726534038329967e-15,scott-2020-regularised-nystrom-v1,ad64d1fc746573f0ddb77d4c7c70cbb73ea997be025338cbf14aaf058317a04e
2.5499999999999998,3.2685073747930886,4.2685073747930886,-3.8524706668048228,0.021227226194313015,0.050000000000000003,40,3000,3.2685068919652931,3.2685073802039462,4.8282779552266675e-07,5.4108575398004177e-09,4.8282779552266675e-07,1.6200624092092921e-15,scott-2020-regularised-nystrom-v1,ad64d1fc746573f0ddb77d4c7c70cbb73ea997be025338cbf14aaf058317a04e
2.6000000000000001,3.753053905346635,4.7530539053466345,-4.4156692197279384,0.012086462918556197,0.050000000000000003,40,3000,3.7530534100394486,3.7530539187039627,4.9530718637669224e-07,1.3357327688368059e-08,4.9530718637669224e-07,1.909922345307429e-15,scott-2020-regularised-nystrom-v1,ad64d1fc746573f0ddb77d4c7c70cbb73ea997be025338cbf14aaf058317a04e
2.6499999999999999,4.3367715590747364,5.3367715590747364,-5.0874831484420362,0.0061735382296062612,0.050000000000000003,40,3000,4.3367710175764742,4.3367715907071203,5.4149826222982256e-07,3.1632383823421151e-08,5.4149826222982256e-07,2.2751347968108155e-15,scott-2020-regularised-nystrom-v1,ad64d1fc746573f0ddb77d4c7c70cbb73ea997be025338cbf14aaf058317a04e
2.7000000000000002,5.0536359759308764,6.0536359759308764,-5.9037179879281814,0.0027292785068259171,0.050000000000000003,40,3000,5.053635316609201,5.053636047777089,6.5932167547799736e-07,7.1846212534865117e-08,6.5932167547799736e-07,1.4971099636234651e-15,scott-2020-regularised-nystrom-v1,ad64d1fc746573f0ddb77d4c7c70cbb73ea997be025338cbf14aaf058317a04e
2.75,5.954939696748017,6.954939696748017,-6.9181622165056105,0.00098964702728579794,0.050000000000000003,40,3000,5.9549387711165735,5.9549398530855147,9.2563144349355753e-07,1.5633749761434501e-07,9.2563144349355753e-07,1.5334267900251977e-15,scott-2020-regularised-nystrom-v1,ad64d1fc746573f0ddb77d4c7c70cbb73ea997be025338cbf14aaf058317a04e
2.7999999999999998,7.1219561709748191,8.1219561709748191,-8.215616291426457,0.00027039781581740128,0.050000000000000003,40,3000,7.1219546808136558,7.1219564961107693,1.4901611633533207e-06,3.251359501632578e-07,1.4901611633533207e-06,1.7422686953650356e-15,scott-2020-regularised-nystrom-v1,ad64d1fc746573f0ddb77d4c7c70cbb73ea997be025338cbf14aaf058317a04e
2.8500000000000001,8.6916318227142888,9.6916318227142888,-9.9382407231922159,4.8292189271299098e-05,0.050000000000000003,60,3000,8.6916311193401832,8.6916314947835467,7.0337410562615332e-07,3.754433635094756e-07,7.0337410562615332e-07,1.6064575611380617e-15,scott-2020-regularised-nystrom-v1,ad64d1fc746573f0ddb77d4c7c70cbb73ea997be025338cbf14aaf058317a04e
2.8999999999999999,10.914175957116161,11.914175957116161,-12.344425009472477,4.3539590102412328e-06,0.050000000000000003,60,3000,10.914174703613154,10.914175783353397,1.2535030062821306e-06,1.0797402421047764e-06,1.2535030062821306e-06,1.5917271345799275e-15,scott-2020-regularised-nystrom-v1,ad64d1fc746573f0ddb77d4c7c70cbb73ea997be025338cbf14aaf058317a04e
2.9500000000000002,14.300831418480071,15.300831418480071,-15.959340635954602,1.1720507766508193e-07,0.050000000000000003,60,3000,14.300828656189237,14.300831556951653,2.7622908334024032e-06,2.9007624160470868e-06,2.9007624160470868e-06,1.2774655272871123e-15,scott-2020-regularised-nystrom-v1,ad64d1fc746573f0ddb77d4c7c70cbb73ea997be025338cbf14aaf058317a04e
3,20.084722540229595,21.084722540229595,-22.042867169839681,2.6724182125524817e-10,0.050000000000000003,60,3000,20.084715849193845,20.084722954751335,6.6910357503502382e-06,7.1055574899503426e-06,7.1055574899503426e-06,9.8702533560438898e-16,scott-2020-regularised-nystrom-v1,ad64d1fc746573f0ddb77d4c7c70cbb73ea997be025338cbf14aaf058317a04e
3.0249999999999999,24.839285219469282,25.839285219469282,-26.990620900411404,1.8972400322830847e-12,0.10000000000000001,240,3000,24.839281888345756,24.839281940050096,3.3311235263511207e-06,5.1704340364722157e-08,3.3311235263511207e-06,1.2740373544505477e-15,scott-2020-regularised-nystrom-v1,ad64d1fc746573f0ddb77d4c7c70cbb73ea997be025338cbf14aaf058317a04e
3.0499999999999998,32.191159485481741,33.191159485481741,-34.582962290552487,9.5677608043674244e-16,0.10000000000000001,240,3000,32.191155901878744,32.191156274889245,3.5836029965707894e-06,3.7301050070936981e-07,3.5836029965707894e-06,8.483816021559043e-16,scott-2020-regularised-nystrom-v1,ad64d1fc746573f0ddb77d4c7c70cbb73ea997be025338cbf14aaf058317a04e
3.0750000000000002,45.065355861816556,46.065355861816556,-47.775256081998428,1.7843083673540182e-21,0.10000000000000001,240,3000,45.065350523535301,45.06535303591231,5.3382812552627001e-06,2.5123770086565855e-06,5.3382812552627001e-06,5.3915517027382609e-16,scott-2020-regularised-nystrom-v1,ad64d1fc746573f0ddb77d4c7c70cbb73ea997be025338cbf14aaf058317a04e
3.1000000000000001,73.419315958921942,74.419315958921942,-76.599436024064545,5.4111256398594263e-34,0.10000000000000001,240,3000,73.419298758541998,73.419313575401503,1.7200379943460575e-05,1.4816859504662716e-05,1.7200379943460575e-05,3.4365447697678135e-16,scott-2020-regularised-nystrom-v1,ad64d1fc746573f0ddb77d4c7c70cbb73ea997be025338cbf14aaf058317a04e
3.1200000000000001,143.37899672594475,144.37899672594475,-147.21447656799404,1.1629610518849459e-64,0.10000000000000001,240,3000,143.37893054740925,143.37897783025355,6.6178535490735158e-05,4.7282844292340087e-05,6.6178535490735158e-05,2.1618389748531684e-16,scott-2020-regularised-nystrom-v1,ad64d1fc746573f0ddb77d4c7c70cbb73ea997be025338cbf14aaf058317a04e
