theta_rad,Qi_direct,Qi_interpolated,abs_interpolation_error_Qi,estimated_error_Qi,spacing,radius,relative_residual,method,generator_sha256
0.025000000000000001,-4.7873960201281465,-4.7873944626664713,1.5574616751834469e-06,6.8858278456929156e-06,0.025000000000000001,40,2.960841470591624e-16,scott-2020-regularised-nystrom-v1,ad64d1fc746573f0ddb77d4c7c70cbb73ea997be025338cbf14aaf058317a04e
0.0625,-3.8705937112995961,-3.8705918390202663,1.8722793297953899e-06,4.2363611942874968e-06,0.025000000000000001,40,5.1837407469454511e-16,scott-2020-regularised-nystrom-v1,ad64d1fc746573f0ddb77d4c7c70cbb73ea997be025338cbf14aaf058317a04e
0.087499999999999994,-3.5335402375434861,-3.5335414004969565,1.1629534704127309e-06,2.375514690955427e-05,0.050000000000000003,40,5.1863355514472083e-16,scott-2020-regularised-nystrom-v1,ad64d1fc746573f0ddb77d4c7c70cbb73ea997be025338cbf14aaf058317a04e
0.125,-3.1756214284358726,-3.1756120217085817,9.4067272908837651e-06,1.6924770148474266e-05,0.050000000000000003,40,5.191858760221051e-16,scott-2020-regularised-nystrom-v1,ad64d1fc746573f0ddb77d4c7c70cbb73ea997be025338cbf14aaf058317a04e
0.17499999999999999,-2.8368030154728423,-2.8368050169304873,2.0014576449511878e-06,1.2075967867897219e-05,0.050000000000000003,40,7.2832054885130213e-16,scott-2020-regularised-nystrom-v1,ad64d1fc746573f0ddb77d4c7c70cbb73ea997be025338cbf14aaf058317a04e
0.22500000000000001,-2.5823485451389812,-2.5823497494179288,1.2042789476751636e-06,9.372425230136372e-06,0.050000000000000003,40,5.3653036605437383e-16,scott-2020-regularised-nystrom-v1,ad64d1fc746573f0ddb77d4c7c70cbb73ea997be025338cbf14aaf058317a04e
0.27500000000000002,-2.3777330524489551,-2.3777338547153137,8.022663586793044e-07,7.6479003539020596e-06,0.050000000000000003,40,9.0470889137804008e-16,scott-2020-regularised-nystrom-v1,ad64d1fc746573f0ddb77d4c7c70cbb73ea997be025338cbf14aaf058317a04e
0.32499999999999996,-2.2059157720582667,-2.2059163439483207,5.7189005397972892e-07,6.4505789629798471e-06,0.050000000000000003,40,1.0735467254774368e-15,scott-2020-regularised-nystrom-v1,ad64d1fc746573f0ddb77d4c7c70cbb73ea997be025338cbf14aaf058317a04e
0.375,-2.0572167464390296,-2.0572171742327332,4.2779370357237667e-07,5.5696023948392792e-06,0.050000000000000003,40,7.9202611694599776e-16,scott-2020-regularised-nystrom-v1,ad64d1fc746573f0ddb77d4c7c70cbb73ea997be025338cbf14aaf058317a04e
0.42500000000000004,-1.9256007327590461,-1.9256010645274346,3.3176838853954393e-07,4.8933425762509586e-06,0.050000000000000003,40,8.3808196934374015e-16,scott-2020-regularised-nystrom-v1,ad64d1fc746573f0ddb77d4c7c70cbb73ea997be025338cbf14aaf058317a04e
0.47499999999999998,-1.8070445327050773,-1.8070447973488863,2.6464380908919338e-07,4.3571757923910326e-06,0.050000000000000003,40,1.0149957919387989e-15,scott-2020-regularised-nystrom-v1,ad64d1fc746573f0ddb77d4c7c70cbb73ea997be025338cbf14aaf058317a04e
0.52500000000000002,-1.6987262890002142,-1.6987265049451694,2.1594495525079083e-07,3.921099769543801e-06,0.050000000000000003,40,1.2910143835095521e-15,scott-2020-regularised-nystrom-v1,ad64d1fc746573f0ddb77d4c7c70cbb73ea997be025338cbf14aaf058317a04e
0.57499999999999996,-1.5985852060123795,-1.598585385568732,1.7955635245314738e-07,3.5590288209874643e-06,0.050000000000000003,40,1.424875569507776e-15,scott-2020-regularised-nystrom-v1,ad64d1fc746573f0ddb77d4c7c70cbb73ea997be025338cbf14aaf058317a04e
0.625,-1.5050654063654625,-1.5050655580798111,1.5171434863958666e-07,3.2532274891750035e-06,0.050000000000000003,40,1.5619342616271534e-15,scott-2020-regularised-nystrom-v1,ad64d1fc746573f0ddb77d4c7c70cbb73ea997be025338cbf14aaf058317a04e
0.67500000000000004,-1.4169585161838973,-1.4169586461848422,1.3000094489790115e-07,2.9912177650359695e-06,0.050000000000000003,40,1.3833401656812404e-15,scott-2020-regularised-nystrom-v1,ad64d1fc746573f0ddb77d4c7c70cbb73ea997be025338cbf14aaf058317a04e
0.72499999999999998,-1.3333024751074947,-1.3333025879140885,1.128065938438283e-07,2.7639664648138051e-06,0.050000000000000003,40,1.0390516164836684e-15,scott-2020-regularised-nystrom-v1,ad64d1fc746573f0ddb77d4c7c70cbb73ea997be025338cbf14aaf058317a04e
0.77500000000000002,-1.2533139782643041,-1.2533140772923956,9.9028091504749227e-08,2.5647739447798301e-06,0.050000000000000003,40,1.621971729977454e-15,scott-2020-regularised-nystrom-v1,ad64d1fc746573f0ddb77d4c7c70cbb73ea997be025338cbf14aaf058317a04e
0.82499999999999996,-1.1763418714398266,-1.1763419593302924,8.7890465794160377e-08,2.3885672262302649e-06,0.050000000000000003,40,1.7470945812576866e-15,scott-2020-regularised-nystrom-v1,ad64d1fc746573f0ddb77d4c7c70cbb73ea997be025338cbf14aaf058317a04e
0.875,-1.1018340519711465,-1.1018341308096455,7.8838499062428014e-08,2.2314352730035125e-06,0.050000000000000003,40,1.2992223337403613e-15,scott-2020-regularised-nystrom-v1,ad64d1fc746573f0ddb77d4c7c70cbb73ea997be025338cbf14aaf058317a04e
0.92500000000000004,-1.0293133260184213,-1.0293133974868662,7.1468444939881692e-08,2.0903151916051854e-06,0.050000000000000003,40,1.7017235873920542e-15,scott-2020-regularised-nystrom-v1,ad64d1fc746573f0ddb77d4c7c70cbb73ea997be025338cbf14aaf058317a04e
0.97499999999999998,-0.95835934626276953,-0.95835941174636241,6.5483592881498964e-08,1.9627746554728986e-06,0.050000000000000003,40,1.4064494939734749e-15,scott-2020-regularised-nystrom-v1,ad64d1fc746573f0ddb77d4c7c70cbb73ea997be025338cbf14aaf058317a04e
1.0249999999999999,-0.88859475515110109,-0.88859481581636357,6.0665262480164017e-08,1.8468584114250675e-06,0.050000000000000003,40,2.4736645963814804e-15,scott-2020-regularised-nystrom-v1,ad64d1fc746573f0ddb77d4c7c70cbb73ea997be025338cbf14aaf058317a04e
1.0750000000000002,-0.81967427609703158,-0.81967433295009706,5.685306547764668e-08,1.7409772599119577e-06,0.050000000000000003,40,1.7900753875017293e-15,scott-2020-regularised-nystrom-v1,ad64d1fc746573f0ddb77d4c7c70cbb73ea997be025338cbf14aaf058317a04e
1.125,-0.75127588552176494,-0.75127593945409121,5.3932326271599607e-08,1.6438271210894584e-06,0.050000000000000003,40,1.8066259078596956e-15,scott-2020-regularised-nystrom-v1,ad64d1fc746573f0ddb77d4c7c70cbb73ea997be025338cbf14aaf058317a04e
1.1749999999999998,-0.68309345075157701,-0.68309350257684742,5.182527040847873e-08,1.5543283345964554e-06,0.050000000000000003,40,2.1367428664697764e-15,scott-2020-regularised-nystrom-v1,ad64d1fc746573f0ddb77d4c7c70cbb73ea997be025338cbf14aaf058317a04e
1.2250000000000001,-0.61483038397360368,-0.61483043445930918,5.0485705505032286e-08,1.4715798243303269e-06,0.050000000000000003,40,1.4775363128044414e-15,scott-2020-regularised-nystrom-v1,ad64d1fc746573f0ddb77d4c7c70cbb73ea997be025338cbf14aaf058317a04e
1.2749999999999999,-0.5461939713354157,-0.54619402123208416,4.9896668463667027e-08,1.3948245664030523e-06,0.050000000000000003,40,1.2690946658905688e-15,scott-2020-regularised-nystrom-v1,ad64d1fc746573f0ddb77d4c7c70cbb73ea997be025338cbf14aaf058317a04e
1.3250000000000002,-0.47689010747998184,-0.47689015754994329,5.0069961454735079e-08,1.323422226418014e-06,0.050000000000000003,40,1.4778714543078428e-15,scott-2020-regularised-nystrom-v1,ad64d1fc746573f0ddb77d4c7c70cbb73ea997be025338cbf14aaf058317a04e
1.375,-0.40661821078471327,-0.40661826183295874,5.104824546409148e-08,1.2568282232172656e-06,0.050000000000000003,40,1.9129728970178228e-15,scott-2020-regularised-nystrom-v1,ad64d1fc746573f0ddb77d4c7c70cbb73ea997be025338cbf14aaf058317a04e
1.4249999999999998,-0.33506612032942584,-0.3350661732390266,5.2909600756212427e-08,1.1945770915788856e-06,0.050000000000000003,40,1.9617610424158466e-15,scott-2020-regularised-nystrom-v1,ad64d1fc746573f0ddb77d4c7c70cbb73ea997be025338cbf14aaf058317a04e
1.4750000000000001,-0.26190478627864539,-0.26190484205359393,5.5774948548581449e-08,1.136269214774277e-06,0.050000000000000003,40,2.1644245218912492e-15,scott-2020-regularised-nystrom-v1,ad64d1fc746573f0ddb77d4c7c70cbb73ea997be025338cbf14aaf058317a04e
1.5249999999999999,-0.18678256306938082,-0.18674015955402362,4.2403515357197774e-05,1.0815600155200666e-06,0.050000000000000003,40,2.1394961863644285e-15,scott-2020-regularised-nystrom-v1,ad64d1fc746573f0ddb77d4c7c70cbb73ea997be025338cbf14aaf058317a04e
1.5603981633974482,-0.13220693621491308,-0.13222345345904041,1.6517244127323139e-05,1.0448392764317305e-06,0.050000000000000003,40,2.2373423760626419e-15,scott-2020-regularised-nystrom-v1,ad64d1fc746573f0ddb77d4c7c70cbb73ea997be025338cbf14aaf058317a04e
1.5853981633974483,-0.092877444757953731,-0.092870180503174193,7.2642547795376267e-06,1.0198504875325032e-06,0.050000000000000003,40,2.1319729136511674e-15,scott-2020-regularised-nystrom-v1,ad64d1fc746573f0ddb77d4c7c70cbb73ea997be025338cbf14aaf058317a04e
1.625,-0.029097197675045448,-0.029107212760610235,1.001508556478653e-05,9.8178541240237505e-07,0.050000000000000003,40,2.3355871332319082e-15,scott-2020-regularised-nystrom-v1,ad64d1fc746573f0ddb77d4c7c70cbb73ea997be025338cbf14aaf058317a04e
1.6749999999999998,0.054343448911301585,0.054343735323723497,2.8641242191124183e-07,9.3623693950273257e-07,0.050000000000000003,40,2.6887565233693296e-15,scott-2020-regularised-nystrom-v1,ad64d1fc746573f0ddb77d4c7c70cbb73ea997be025338cbf14aaf058317a04e
1.7250000000000001,0.14151795066309797,0.14151828756074414,3.3689764616928741e-07,8.9331051825181085e-07,0.050000000000000003,40,2.548953190983971e-15,scott-2020-regularised-nystrom-v1,ad64d1fc746573f0ddb77d4c7c70cbb73ea997be025338cbf14aaf058317a04e
1.7749999999999999,0.23300679568401392,0.23300720171857492,4.0603456100130053e-07,8.5283591419460514e-07,0.050000000000000003,40,1.4736690661089238e-15,scott-2020-regularised-nystrom-v1,ad64d1fc746573f0ddb77d4c7c70cbb73ea997be025338cbf14aaf058317a04e
1.8250000000000002,0.32947002578649198,0.32947052929560394,5.0350911195984338e-07,8.1466410395414357e-07,0.050000000000000003,40,1.6956610362476463e-15,scott-2020-regularised-nystrom-v1,ad64d1fc746573f0ddb77d4c7c70cbb73ea997be025338cbf14aaf058317a04e
1.875,0.43166431800677579,0.4316649645204178,6.465136420108486e-07,7.7866563730211169e-07,0.050000000000000003,40,1.7492600070022295e-15,scott-2020-regularised-nystrom-v1,ad64d1fc746573f0ddb77d4c7c70cbb73ea997be025338cbf14aaf058317a04e
1.9249999999999998,0.54046409105107374,0.54046495894203295,8.6789095921080417e-07,7.4472741029563139e-07,0.050000000000000003,40,2.1518983788661071e-15,scott-2020-regularised-nystrom-v1,ad64d1fc746573f0ddb77d4c7c70cbb73ea997be025338cbf14aaf058317a04e
1.9750000000000001,0.65688786518795883,0.65688910206364648,1.236875687649075e-06,7.1275134549964037e-07,0.050000000000000003,40,2.2352228431689997e-15,scott-2020-regularised-nystrom-v1,ad64d1fc746573f0ddb77d4c7c70cbb73ea997be025338cbf14aaf058317a04e
2.0249999999999999,0.78213153781097888,0.78213345881038698,1.9209994081004211e-06,6.826519564073763e-07,0.050000000000000003,40,2.3240065436837228e-15,scott-2020-regularised-nystrom-v1,ad64d1fc746573f0ddb77d4c7c70cbb73ea997be025338cbf14aaf058317a04e
2.0750000000000002,0.91761085436101686,0.91761427377723148,3.419416214622828e-06,6.5435583074258119e-07,0.050000000000000003,40,2.7647430441046838e-15,scott-2020-regularised-nystrom-v1,ad64d1fc746573f0ddb77d4c7c70cbb73ea997be025338cbf14aaf058317a04e
2.125,1.0650162456440277,1.0650241107071521,7.8650631243348812e-06,6.2779960341430296e-07,0.050000000000000003,40,2.801928025577834e-15,scott-2020-regularised-nystrom-v1,ad64d1fc746573f0ddb77d4c7c70cbb73ea997be025338cbf14aaf058317a04e
2.1749999999999998,1.2263845092946442,1.22636341744672,2.1091847924203933e-05,6.0293083370410727e-07,0.050000000000000003,40,3.1394434855357546e-15,scott-2020-regularised-nystrom-v1,ad64d1fc746573f0ddb77d4c7c70cbb73ea997be025338cbf14aaf058317a04e
2.2062499999999998,1.3354093554733661,1.3354112214564497,1.8659830836043056e-06,5.882256468581204e-07,0.050000000000000003,40,1.4939866232746305e-15,scott-2020-regularised-nystrom-v1,ad64d1fc746573f0ddb77d4c7c70cbb73ea997be025338cbf14aaf058317a04e
2.21875,1.3809706633315786,1.3809696144367378,1.0488948407605392e-06,5.8252189893970296e-07,0.050000000000000003,40,1.6352114140094727e-15,scott-2020-regularised-nystrom-v1,ad64d1fc746573f0ddb77d4c7c70cbb73ea997be025338cbf14aaf058317a04e
2.2312500000000002,1.4277204191555051,1.4277176433721857,2.7757833194197445e-06,5.769196405047694e-07,0.050000000000000003,40,1.6151738906601542e-15,scott-2020-regularised-nystrom-v1,ad64d1fc746573f0ddb77d4c7c70cbb73ea997be025338cbf14aaf058317a04e
2.2437499999999999,1.4757112737188933,1.4757132260921422,1.952373248848005e-06,5.7141850184905252e-07,0.050000000000000003,40,1.707759508042025e-15,scott-2020-regularised-nystrom-v1,ad64d1fc746573f0ddb77d4c7c70cbb73ea997be025338cbf14aaf058317a04e
2.2749999999999999,1.6014910467180785,1.6014717295061711,1.9317211907399212e-05,5.5810971022474121e-07,0.050000000000000003,40,1.8657707332503955e-15,scott-2020-regularised-nystrom-v1,ad64d1fc746573f0ddb77d4c7c70cbb73ea997be025338cbf14aaf058317a04e
2.3250000000000002,1.8220665812953212,1.8220748997124452,8.3184171240091587e-06,5.3815309497551311e-07,0.050000000000000003,40,2.0471791902005308e-15,scott-2020-regularised-nystrom-v1,ad64d1fc746573f0ddb77d4c7c70cbb73ea997be025338cbf14aaf058317a04e
2.375,2.0706959025196698,2.0706994042561915,3.5017365216383212e-06,5.1995189087605809e-07,0.050000000000000003,40,2.1120214919168319e-15,scott-2020-regularised-nystrom-v1,ad64d1fc746573f0ddb77d4c7c70cbb73ea997be025338cbf14aaf058317a04e
2.4249999999999998,2.3534830495407029,2.3534849517284409,1.902187737989891e-06,5.0385930627783182e-07,0.050000000000000003,40,2.4234400615285038e-15,scott-2020-regularised-nystrom-v1,ad64d1fc746573f0ddb77d4c7c70cbb73ea997be025338cbf14aaf058317a04e
2.4750000000000001,2.6783577849773614,2.6783589484799051,1.1635025436440571e-06,4.9081822917074192e-07,0.050000000000000003,40,2.6158343673130654e-15,scott-2020-regularised-nystrom-v1,ad64d1fc746573f0ddb77d4c7c70cbb73ea997be025338cbf14aaf058317a04e
2.5249999999999999,3.0558142423807935,3.0558149906542447,7.4827345120098698e-07,4.831491495771445e-07,0.050000000000000003,40,1.6238116760400929e-15,scott-2020-regularised-nystrom-v1,ad64d1fc746573f0ddb77d4c7c70cbb73ea997be025338cbf14aaf058317a04e
2.5750000000000002,3.5000400730345627,3.5000405497703464,4.7673578373874648e-07,4.8629437277014631e-07,0.050000000000000003,40,1.7281923071275612e-15,scott-2020-regularised-nystrom-v1,ad64d1fc746573f0ddb77d4c7c70cbb73ea997be025338cbf14aaf058317a04e
2.625,4.0307005901202384,4.0307008626830871,2.7256284873544701e-07,5.124528366096115e-07,0.050000000000000003,40,2.1807213392974367e-15,scott-2020-regularised-nystrom-v1,ad64d1fc746573f0ddb77d4c7c70cbb73ea997be025338cbf14aaf058317a04e
2.6749999999999998,4.6758691567435839,4.6758692527163745,9.5972790603582325e-08,5.8787161982820635e-07,0.050000000000000003,40,2.1490830969870499e-15,scott-2020-regularised-nystrom-v1,ad64d1fc746573f0ddb77d4c7c70cbb73ea997be025338cbf14aaf058317a04e
2.7250000000000001,5.4770667501420824,5.4770666707694726,7.9372609818051387e-08,7.668004746719248e-07,0.050000000000000003,40,1.3575168300396791e-15,scott-2020-regularised-nystrom-v1,ad64d1fc746573f0ddb77d4c7c70cbb73ea997be025338cbf14aaf058317a04e
2.7749999999999999,6.4984243327383941,6.498424015826628,3.1691176616277517e-07,1.1570461788679154e-06,0.050000000000000003,40,1.5763481686557495e-15,scott-2020-regularised-nystrom-v1,ad64d1fc746573f0ddb77d4c7c70cbb73ea997be025338cbf14aaf058317a04e
2.8250000000000002,7.8445262785780905,7.8445255791252997,6.9945279079774991e-07,5.834674752236424e-07,0.050000000000000003,60,1.5336285650451389e-15,scott-2020-regularised-nystrom-v1,ad64d1fc746573f0ddb77d4c7c70cbb73ea997be025338cbf14aaf058317a04e
2.875,9.6983289400927077,9.6983280909611498,8.4913155795618422e-07,9.0846451250570226e-07,0.050000000000000003,60,1.4357783939136963e-15,scott-2020-regularised-nystrom-v1,ad64d1fc746573f0ddb77d4c7c70cbb73ea997be025338cbf14aaf058317a04e
2.9249999999999998,12.411602670467474,12.411601286256642,1.3842108312900336e-06,1.8257329283954959e-06,0.050000000000000003,60,1.0599313610133664e-15,scott-2020-regularised-nystrom-v1,ad64d1fc746573f0ddb77d4c7c70cbb73ea997be025338cbf14aaf058317a04e
2.9750000000000001,16.758233051968059,16.758241974820109,8.9228520501194453e-06,4.6040398764546353e-06,0.050000000000000003,60,1.0981071658350567e-15,scott-2020-regularised-nystrom-v1,ad64d1fc746573f0ddb77d4c7c70cbb73ea997be025338cbf14aaf058317a04e
3.0125000000000002,22.231645932646579,22.231642141217513,3.7914290658136451e-06,3.3051398382610842e-06,0.10000000000000001,240,1.0992325512916355e-15,scott-2020-regularised-nystrom-v1,ad64d1fc746573f0ddb77d4c7c70cbb73ea997be025338cbf14aaf058317a04e
3.0374999999999996,28.073603908873274,28.073603748312898,1.6056037566158921e-07,3.4002498736640518e-06,0.10000000000000001,240,7.8169259529342748e-16,scott-2020-regularised-nystrom-v1,ad64d1fc746573f0ddb77d4c7c70cbb73ea997be025338cbf14aaf058317a04e
3.0625,37.610694822048892,37.610694573361236,2.486876553575712e-07,4.0676262358374515e-06,0.10000000000000001,240,7.4250548179334662e-16,scott-2020-regularised-nystrom-v1,ad64d1fc746573f0ddb77d4c7c70cbb73ea997be025338cbf14aaf058317a04e
3.0875000000000004,55.965960613985146,55.965962439430747,1.8254456009003661e-06,8.6485139405567679e-06,0.10000000000000001,240,3.678172140332192e-16,scott-2020-regularised-nystrom-v1,ad64d1fc746573f0ddb77d4c7c70cbb73ea997be025338cbf14aaf058317a04e
3.1100000000000003,97.326748454813128,97.326741921509978,6.5333031500358629e-06,3.294957147659261e-05,0.10000000000000001,240,2.8070552800838594e-16,scott-2020-regularised-nystrom-v1,ad64d1fc746573f0ddb77d4c7c70cbb73ea997be025338cbf14aaf058317a04e
3.1307963267948966,288.87184380130014,288.87187914660444,3.5345304297607072e-05,0.00014395235399433659,0.10000000000000001,240,7.4355144498619041e-17,scott-2020-regularised-nystrom-v1,ad64d1fc746573f0ddb77d4c7c70cbb73ea997be025338cbf14aaf058317a04e
