theta_deg,log10_viscosity_ratio,Q_reference,Q_interpolated,absolute_error_Q,reference_estimated_error_Q,absolute_weighted_node_sensitivity_Q,checkpoint_error_budget_Q,table_cell_theta_index,table_cell_log10_M_index,reference_converged
31.25,-1.9375,-0.65428562255609424,-0.65428218746271694,3.4350933773019676e-06,0.0002073832260247599,0.0004831234638094653,0.0006939417832115271,0,0,True
31.25,-1.8125,-0.65343874894619347,-0.65343470553094718,4.0434152462909267e-06,0.0002077021423159131,0.00035603033432231079,0.00056777589188451477,0,1,True
31.25,-1.625,-0.65161993964334042,-0.65161404124413769,5.8983992027306087e-06,0.00020838792801392003,0.00046254367742783084,0.00067683000464448142,0,2,True
31.25,-1.375,-0.64762793413049558,-0.64762088950517316,7.0446253224165645e-06,0.00020990007849919223,0.00042333939142030514,0.00064028409524191394,0,3,True
31.25,-1.125,-0.64067857818208873,-0.64067395776469394,4.620417394796128e-06,0.00021255433605738006,0.00043022935939553679,0.00064740411284771302,0,4,True
31.25,-0.875,-0.62876814710652407,-0.62877075257831916,2.6054717950918516e-06,0.00021716878401667472,0.0004420561055756291,0.00066183036138739567,0,5,True
31.25,-0.625,-0.60887414249951233,-0.60888472340806776,1.0580908555435364e-05,0.00022506171384817364,0.00046188819535426877,0.00069753081775787771,0,6,True
31.25,-0.375,-0.57695618216267541,-0.57693671091553411,1.9471247141300552e-05,0.00023821075345487053,0.00047570756224421892,0.00073338956284039005,0,7,True
31.25,-0.125,-0.52858248534857277,-0.52860995887927187,2.7473530699095861e-05,0.00025923724633036827,0.00076558715802118259,0.0010522979350506467,0,8,True
33.75,-1.9375,-0.56908097056212958,-0.56907704357145961,3.9269906699779256e-06,0.00023364924271085385,0.00043387813712683371,0.00067145437050766549,1,0,True
33.75,-1.8125,-0.56825321048389887,-0.56824868546864837,4.5250152505005303e-06,0.00023403297879664997,0.00031973823783187726,0.00055829623187902771,1,1,True
33.75,-1.625,-0.56647618688795243,-0.56646989661649105,6.2902714613732869e-06,0.0002348588813980701,0.00041538093425752635,0.00065653008711696968,1,2,True
33.75,-1.375,-0.56257935816529381,-0.56257207611073667,7.2820545571339323e-06,0.00023667788084624775,0.00038014641743543706,0.00062410635283881874,1,3,True
33.75,-1.125,-0.55580669855508713,-0.55580183667596139,4.8618791257393212e-06,0.00023986653715013517,0.00038629224521642832,0.00063102066149230281,1,4,True
33.75,-0.875,-0.54422977787749627,-0.54423128359522654,1.5057177302768565e-06,0.0002453967452298311,0.00039684375052545084,0.00064374621348555882,1,5,True
33.75,-0.625,-0.52497006629184395,-0.52497621278426487,6.1464924209220229e-06,0.0002548185149731097,0.00041454267571179576,0.00067550768310582743,1,6,True
33.75,-0.375,-0.49423019600824181,-0.49421527671507909,1.491929316271845e-05,0.00027041482390632865,0.00042687855555850681,0.00071221267262755396,1,7,True
33.75,-0.125,-0.44785564847061243,-0.44787036869181529,1.4720221202857431e-05,0.000295111819654581,0.00068690261467580882,0.00099673465553324725,1,8,True
37.5,-1.9375,-0.45008388628367269,-0.45004675430714342,3.7131976529269917e-05,0.00016198449224424927,0.0005520530979757775,0.00075116956674929668,2,0,True
37.5,-1.8125,-0.44931729259019315,-0.4492795352364285,3.7757353764655832e-05,0.0001623092384255287,0.00040684831628056409,0.00060691490847074856,2,1,True
37.5,-1.625,-0.44767238942394139,-0.44763290003043787,3.9489393503511216e-05,0.00016300709542815817,0.00052874783113254407,0.00073124432006421345,2,2,True
37.5,-1.375,-0.44406904635111344,-0.44402842206392251,4.0624287190926811e-05,0.0001645401267853508,0.00048430916786437625,0.00068947358184065391,2,3,True
37.5,-1.125,-0.43781806613171037,-0.43777902131021784,3.9044821492528747e-05,0.00016721321557833235,0.00049273269524509062,0.00069899073231595172,2,4,True
37.5,-0.875,-0.42716337397997051,-0.42712801882439311,3.5355155577398989e-05,0.00017180856557308388,0.00050711316743608605,0.00071427688858656893,2,5,True
37.5,-0.625,-0.40950568979165869,-0.40946910343859599,3.6586353062695309e-05,0.00017952472469828784,0.00053102742904504591,0.00074713850680602906,2,6,True
37.5,-0.375,-0.38142232566519807,-0.38138021111758008,4.2114547617988496e-05,0.00019201151902081826,0.00054758506289347142,0.00078171112953227817,2,7,True
37.5,-0.125,-0.33900702171854302,-0.33896284771502883,4.4174003514196869e-05,0.0002111400930788765,0.00088206413103400776,0.0011373782276270811,2,8,True
42.5,-1.9375,-0.30417065500245299,-0.30415719437145361,1.3460630999384549e-05,0.0001258405625865766,0.0003729044051653401,0.00051220559875130131,3,0,True
42.5,-1.8125,-0.30355759298173712,-0.30354355362606522,1.4039355671902065e-05,0.0001261795927471887,0.00027486250796684856,0.00041508145638593933,3,1,True
42.5,-1.625,-0.30224208554748744,-0.30222646755062743,1.5617996860006755e-05,0.00012690640608248316,0.0003575753717953198,0.00050009977473780966,3,2,True
42.5,-1.375,-0.29935993827654683,-0.29934287535722859,1.7062919318244774e-05,0.0001284961407823637,0.00032825983639559657,0.00047381889649620505,3,3,True
42.5,-1.125,-0.29435768169516408,-0.29434057089555793,1.7110799606145921e-05,0.00013124446789780642,0.00033501984380695344,0.00048337511131090578,3,4,True
42.5,-0.875,-0.28581849898524059,-0.2858011368193637,1.7362165876888547e-05,0.00013590263667873081,0.00034640144920978339,0.00049966625176540275,3,5,True
42.5,-0.625,-0.27160339358331154,-0.27157982324230301,2.3570341008527507e-05,0.00014354184930742697,0.00036493094581073243,0.00053204313612668691,3,6,True
42.5,-0.375,-0.24872070849084071,-0.24871577530026007,4.9331905806471177e-06,0.00015545594965526988,0.0003775486825392402,0.00053793782277515719,3,7,True
42.5,-0.125,-0.21315787697739341,-0.21311379271266229,4.40842647311257e-05,0.0001727445738410882,0.000609604999628505,0.00082643383820071891,3,8,True
47.5,-1.9375,-0.16909878377370879,-0.16909133450298108,7.4492707277107328e-06,0.00010196863885858498,0.0002962255905707452,0.00040564350015704091,4,0,True
47.5,-1.8125,-0.16874157204435791,-0.16873360342105512,7.9686233027953524e-06,0.00010233976918283538,0.00021838719375687505,0.00032869558624250576,4,1,True
47.5,-1.625,-0.16797222676404755,-0.16796270349307341,9.5232709741432942e-06,0.00010313348517421161,0.00028447372649889244,0.00039713048264724735,4,2,True
47.5,-1.375,-0.16627298158096138,-0.1662609669418896,1.2014639071772359e-05,0.0001048585686822534,0.00026189671089997497,0.00037876991865400073,4,3,True
47.5,-1.125,-0.16327833813798454,-0.16326336599293473,1.4972145049807484e-05,0.00010780887512673587,0.00026832067491604743,0.00039110169509259078,4,4,True
47.5,-0.875,-0.15802914819128877,-0.15800942331901718,1.9724872271587035e-05,0.00011271688210312547,0.00027893572086725159,0.0004113774752419641,4,5,True
47.5,-0.625,-0.14889188539298259,-0.14886477428874753,2.7111104235061356e-05,0.0001205288292926987,0.00029574435301546567,0.00044338428654322573,4,6,True
47.5,-0.375,-0.1330951115794945,-0.13310440146325567,9.2898837611710139e-06,0.00013216813840899455,0.00030694210096933726,0.00044840012313950283,4,7,True
47.5,-0.125,-0.10588526927108566,-0.10583058206593987,5.4687205145786955e-05,0.0001480008455212456,0.00049653953429099366,0.00069922758495802621,4,8,True
52.5,-1.9375,-0.041849055977448257,-0.041846166229051747,2.8897483965104054e-06,0.00014292656445169527,0.00024271160702863426,0.0003885279198768399,5,0,True
52.5,-1.8125,-0.041878341783430084,-0.041874983968353909,3.3578150761756631e-06,0.00014336191891439753,0.00017899644897402067,0.00032571618296459387,5,1,True
52.5,-1.625,-0.041930320562032497,-0.041925158763014052,5.1617990184452123e-06,0.00014429289311768123,0.00023367961141979515,0.00038313430355592159,5,2,True
52.5,-1.375,-0.0419926549676084,-0.041982968436776673,9.6865308317276022e-06,0.0001463167803952281,0.00021616641209162737,0.00037216972331858308,5,3,True
52.5,-1.125,-0.04193438503175595,-0.041917882457736207,1.6502574019743033e-05,0.00014977756134970655,0.00022286225891663601,0.00038914239428608559,5,4,True
52.5,-0.875,-0.041355223544889741,-0.041331016060388283,2.4207484501458099e-05,0.00015553782247557102,0.0002336333470272526,0.00041337865400428172,5,5,True
52.5,-0.625,-0.039090026115629728,-0.039064351824497696,2.5674291132031513e-05,0.00016472557860303105,0.00025003050484051075,0.00044043037457557331,5,6,True
52.5,-0.375,-0.032221014845249085,-0.03223764474864603,1.6629903396944701e-05,0.0001784859956759366,0.00026061068893695863,0.00045572658800983992,5,7,True
52.5,-0.125,-0.014530329244539342,-0.014484997025537266,4.5332219002075513e-05,0.0001973715271481602,0.0004225282655972138,0.00066523201174744956,5,8,True
57.5,-1.9375,0.079857083595115896,0.079869796879269997,1.2713284154100557e-05,0.00013127609507979088,0.0002054251781269602,0.00034941455736085163,6,0,True
57.5,-1.8125,0.079273336512931225,0.07928655551277336,1.3218999842135037e-05,0.00013176961330252368,0.00015157446995710841,0.00029656308310176713,6,1,True
57.5,-1.625,0.078048607311348883,0.078064458712499923,1.5851401151040223e-05,0.00013282191608454674,0.00019851337304438446,0.0003471866902799714,6,2,True
57.5,-1.375,0.075496121966996732,0.075519988329055654,2.3866362058921897e-05,0.00013509574048964357,0.00018487914239847961,0.00034384124494704507,6,3,True
57.5,-1.125,0.071479475843101103,0.07151468825163626,3.5212408535156836e-05,0.00013894062649566497,0.00019222749958930905,0.00036638053462013085,6,4,True
57.5,-0.875,0.065772009883979243,0.065814655749356646,4.2645865377402559e-05,0.00014522251859783175,0.00020367690477570002,0.00039154528875093433,6,5,True
57.5,-0.625,0.0592179135146087,0.059248929603554761,3.1016088946060616e-05,0.00015495312465063638,0.00022031850692320269,0.00040628772051989968,6,6,True
57.5,-0.375,0.05540714107562239,0.055409163603157091,2.0225275347007798e-06,0.00016890466511709779,0.00023064909145442951,0.00040157628410622808,6,7,True
57.5,-0.125,0.062755682693681591,0.062785594211192536,2.9911517510944341e-05,0.00018691555537964089,0.00037459277050254142,0.00059141984339312664,6,8,True
62.5,-1.9375,0.19786794444620159,0.197877657720158,9.713273956407642e-06,0.00011239337422530582,0.00018204254049993684,0.00030414918868165031,7,0,True
62.5,-1.8125,0.19651264869188667,0.19652303816380878,1.0389471922112037e-05,0.00011284333702654692,0.00013441095059291738,0.00025764375954157633,7,1,True
62.5,-1.625,0.19366438550433451,0.19367906016188396,1.4674657549451631e-05,0.00011380008692407628,0.00017676759329576436,0.0003052423377692923,7,2,True
62.5,-1.375,0.18770231575864071,0.18773003332955271,2.7717570911994782e-05,0.00011585628076360432,0.00016603673885242233,0.00030961059052802143,7,3,True
62.5,-1.125,0.17821693704373953,0.17825981962702875,4.2882583289216569e-05,0.00011929928987397531,0.00017440108042308239,0.00033658295358627427,7,4,True
62.5,-0.875,0.16434324921249854,0.16438723981608758,4.3990603589033617e-05,0.00012483680245867212,0.00018699388950443001,0.00035582129555213575,7,5,True
62.5,-0.625,0.14689461026591943,0.14690699163138515,1.2381365465718996e-05,0.00013321673460997552,0.00020441043060419323,0.00035000853067988774,7,6,True
62.5,-0.375,0.13080768160136513,0.1308250121795422,1.7330578177071621e-05,0.0001448483547352719,0.00021476617035173638,0.00037694510326407991,7,7,True
62.5,-0.125,0.12734780021953851,0.12732392648491306,2.3873734625451393e-05,0.0001592203027092065,0.00034900557506615707,0.00053209961240081502,7,8,True
67.5,-1.9375,0.31368190636347049,0.31368992196713963,8.015603669142557e-06,9.878564176890592e-05,0.00019302266170117391,0.00029982390713922241,8,0,True
67.5,-1.8125,0.31127288968358602,0.31128198943745783,9.0997538718107229e-06,9.933325825028927e-05,0.00014256342007346604,0.00025099643219556603,8,1,True
67.5,-1.625,0.30622024995962371,0.30623649611243314,1.6246152809429315e-05,0.00010049177291204803,0.00018784291997878409,0.00030458084570026144,8,2,True
67.5,-1.375,0.29568593105177043,0.29572177698290242,3.5845931131983644e-05,0.00010295359632039869,0.00017707425260766758,0.00031587378006004991,8,3,True
67.5,-1.125,0.27902964295261556,0.279081952268453,5.2309315837439918e-05,0.0001069942573481697,0.00018667265197216552,0.00034597622515777514,8,4,True
67.5,-0.875,0.25482590438032915,0.25486501955884883,3.9115178519677496e-05,0.00011328452311132331,0.00020075855081137887,0.00035315825244237967,8,5,True
67.5,-0.625,0.2243225163536462,0.2243070344900619,1.5481863584299038e-05,0.0001223373990084653,0.00021955318011355736,0.00035737244270632169,8,6,True
67.5,-0.375,0.19459253224970907,0.19463560034581415,4.306809610507556e-05,0.0001340194388036453,0.00023038167130375444,0.0004074692062124753,8,7,True
67.5,-0.125,0.18021391099178474,0.18012028145538581,9.3629536398937008e-05,0.0001470760381450109,0.00037341552652653167,0.00061412110107047959,8,8,True
72.5,-1.9375,0.42860413015040522,0.42860629839293424,2.1682425290214802e-06,8.862143720533844e-05,0.00021044405192612674,0.00030123373166048668,9,0,True
72.5,-1.8125,0.42477258562909048,0.42477667818952525,4.0925604347652467e-06,8.92981968809714e-05,0.00015545766913029638,0.00024884842644603303,9,1,True
72.5,-1.625,0.41676409391002134,0.41677993601487223,1.5842104850893879e-05,9.072129330800482e-05,0.0002050230415404785,0.0003115864396993772,9,2,True
72.5,-1.375,0.40018584223180809,0.4002290991875822,4.3256955774118033e-05,9.370481707415834e-05,0.00019355416597301677,0.00033051593882129314,9,3,True
72.5,-1.125,0.37428953854888725,0.37434575415010712,5.6215601219877787e-05,9.848420115465828e-05,0.00020420298669763333,0.00035890278907216939,9,4,True
72.5,-0.875,0.33729996516493099,0.33732030396348722,2.0338798556229776e-05,0.0001056426175091163,0.00021941601133456973,0.00034539742739991581,9,5,True
72.5,-0.625,0.29156720574069472,0.29151344642552252,5.3759315172208222e-05,0.00011535470713053275,0.00023900254723630216,0.00040811656953904313,9,6,True
72.5,-0.375,0.24714261224306155,0.24721426622955081,7.1653986489256249e-05,0.0001268761360261328,0.00024994483241434795,0.00044847495492973699,9,7,True
72.5,-0.125,0.22208441049146066,0.22191296636117114,0.00017144413028952199,0.00013835144200680105,0.0004035706789331493,0.00071336625122947234,9,8,True
77.5,-1.9375,0.54379784793433283,0.54379480909211453,3.0388422183058594e-06,8.109455418503497e-05,0.00019998235990981115,0.00028411575631315201,10,0,True
77.5,-1.8125,0.53805893344343136,0.53805926654486791,3.3310143654485813e-07,8.197842613677508e-05,0.00014777744280524929,0.00023008897037856923,10,1,True
77.5,-1.625,0.52611849041882497,0.52613729630668893,1.8805887863959647e-05,8.382465021816721e-05,0.00019524669085379899,0.00029787722893592587,10,2,True
77.5,-1.375,0.50163323125866333,0.50168719276433704,5.3961505673716381e-05,8.763981868242787e-05,0.00018490057099417148,0.00032650189535031574,10,3,True
77.5,-1.125,0.46399906928187928,0.46405438971492347,5.5320433044181438e-05,9.359362899430401e-05,0.00019555800086101495,0.00034447206289950041,10,4,True
77.5,-0.875,0.41148968030833222,0.4114792561383861,1.0424169946121609e-05,0.00010214802547636737,0.00021030539811967957,0.00032287759354216854,10,5,True
77.5,-0.625,0.34843982168271304,0.34834656531617597,9.3256366537064483e-05,0.00011304111569299113,0.00022848689052087267,0.00043478437275092828,10,6,True
77.5,-0.375,0.28867366598490929,0.28877399868412668,0.00010033269921738697,0.00012482088148579873,0.0002382532425945464,0.0004634068232977321,10,7,True
77.5,-0.125,0.25350341993617143,0.25326467554917731,0.00023874438699411638,0.00013504957479992807,0.0003832703276166987,0.0007570642894107432,10,8,True
82.5,-1.9375,0.66032382195497163,0.66032062998045971,3.1919745119290965e-06,7.554107290741463e-05,0.00018419449131055652,0.00026292753872990025,11,0,True
82.5,-1.8125,0.65203638423590327,0.65203883159494469,2.4473590414242352e-06,7.669659690923147e-05,0.00013621390148039922,0.00021535785743105493,11,1,True
82.5,-1.625,0.63489155338199665,0.6349215051492727,2.9951767276048535e-05,7.908974825487913e-05,0.00018073269512028549,0.00028977421065121318,11,2,True
82.5,-1.375,0.60014357611847957,0.60021379921136586,7.0223092886290139e-05,8.394865231176052e-05,0.00017243192807834477,0.00032660367327639543,11,3,True
82.5,-1.125,0.5477863873185419,0.54783494921681475,4.8561898272847515e-05,9.130060867101886e-05,0.00018355148150445101,0.00032341398844831738,11,4,True
82.5,-0.875,0.47679306806132427,0.47674318194124271,4.9886120081554797e-05,0.0001013607326578736,0.00019819982157228821,0.0003494466743117166,11,5,True
82.5,-0.625,0.39456143268695498,0.39443769776531151,0.00012373492164347022,0.00011326518067278357,0.00021509941095498484,0.00045209951327123863,11,6,True
82.5,-0.375,0.31929654689944587,0.3194205554887064,0.00012400858926053804,0.00012482324201956718,0.00022363218676960128,0.0004724640180497065,11,7,True
82.5,-0.125,0.2748727109251391,0.27459572759329121,0.00027698333184789092,0.00013329697167718813,0.00035822460590293349,0.00076850490942801254,11,8,True
87.5,-1.9375,0.77915683892746324,0.77915313235908668,3.7065683765602486e-06,9.50552177133579e-05,0.00017286982448939353,0.00027163161057931165,12,0,True
87.5,-1.8125,0.76746797471142914,0.76747337600950272,5.4012980735818061e-06,9.648847515575376e-05,0.00012806434970703682,0.00022995412293637239,12,1,True
87.5,-1.625,0.74345498544805,0.7434992490816219,4.4263633571905991e-05,9.94345352031134e-05,0.00017160017870800545,0.00031529834748302487,12,2,True
87.5,-1.375,0.69547470876638395,0.69555820644990118,8.3497683517230747e-05,0.00010533000243651003,0.00016655622301449689,0.00035538390896823767,12,3,True
87.5,-1.125,0.62487805209095326,0.62490419051932167,2.6138428368405187e-05,0.00011402998759468819,0.00018004849518558111,0.00032021691114867448,12,4,True
87.5,-0.875,0.53230489461758723,0.53220613373126036,9.8760886326876296e-05,0.00012550752601381276,0.00019671761328478153,0.00042098602562547059,12,5,True
87.5,-0.625,0.42942109173117216,0.42928025042929191,0.00014084130188024568,0.00013843258314027995,0.00021428742708629414,0.00049356131210681977,12,6,True
87.5,-0.375,0.33906086190563078,0.33919263028094415,0.00013176837531336805,0.0001501596067621236,0.00022238001605252855,0.00050430799812802019,12,7,True
87.5,-0.125,0.2864780020562232,0.28620147548118302,0.0002765265750401813,0.00015775274738205614,0.00035472026613867684,0.00078899958856091428,12,8,True
92.5,-1.9375,0.90117243349913134,0.90117339867874258,9.6517961123421259e-07,9.511650696203411e-05,0.00016567492088838859,0.00026175660746165691,13,0,True
92.5,-1.8125,0.88494138300955594,0.88495624342447554,1.4860414919604104e-05,9.688740773949878e-05,0.00012305419544222023,0.00023480201810132311,13,1,True
92.5,-1.625,0.85188105997466945,0.85194706851208279,6.6008537413342339e-05,0.00010049163604719524,0.00016720291207388157,0.00033370308553441915,13,2,True
92.5,-1.375,0.78694774394577771,0.78703967413532461,9.1930189546896024e-05,0.00010755388734717819,0.00016602285234911906,0.00036550692924319328,13,3,True
92.5,-1.125,0.6940560766539543,0.69404289301039324,1.3183643561065495e-05,0.00011761010095834301,0.00018277977178241688,0.00031357351630182539,13,4,True
92.5,-0.875,0.57684470205628435,0.57669693467524985,0.0001477673810345026,0.00013018647753659796,0.00020208508555369001,0.00048003894412479057,13,5,True
92.5,-0.625,0.45243465843842168,0.45229729685158571,0.00013736158683597122,0.0001432914140766517,0.00022048578492801232,0.00050113878584063523,13,6,True
92.5,-0.375,0.34798722332773346,0.34810541903012016,0.00011819570238669197,0.0001538276222079471,0.00022805867074465389,0.00050008199533929296,13,7,True
92.5,-0.125,0.28850373759525416,0.2882728862857738,0.00023085130948036214,0.00015900073296015726,0.00036188380033870939,0.00075173584277922879,13,8,True
97.5,-1.9375,1.0271245296328726,1.0271257600832751,1.2304504024562846e-06,8.902042790914777e-05,0.00016438311429206942,0.0002546339926036735,14,0,True
97.5,-1.8125,1.0048173131992888,1.00483911671968,2.1803520391161513e-05,9.058592021116141e-05,0.0001225190614967218,0.00023490850209904472,14,1,True
97.5,-1.625,0.95985371044522283,0.95993805629237583,8.4345847153000086e-05,9.373694235148555e-05,0.00016942120929539767,0.00034750399879988328,14,2,True
97.5,-1.375,0.87334918104348813,0.87342910787860373,7.9926835115595729e-05,9.977791387838497e-05,0.00017267341395012708,0.00035237816294410778,14,3,True
97.5,-1.125,0.75362274704567889,0.75354731792834639,7.5429117332492801e-05,0.00010807797577827571,0.00019352884582410671,0.00037703593893487523,14,4,True
97.5,-0.875,0.60900559737085325,0.60881735933760561,0.00018823803324763411,0.00011794629052142014,0.00021580351202479548,0.00052198783579384973,14,5,True
97.5,-0.625,0.46300435348230884,0.46289347981898699,0.00011087366332185322,0.0001275388590992188,0.00023475667551880244,0.00047316919793987446,14,6,True
97.5,-0.375,0.34608368584544957,0.34616621645366391,8.2530608214337331e-05,0.00013440786193641419,0.00024149862369204125,0.00045843709384279276,14,7,True
97.5,-0.125,0.28103425529758452,0.280892172678954,0.00014208261863052352,0.0001365438065413782,0.00038077258883588433,0.000659399014007786,14,8,True
102.5,-1.9375,1.157521975410758,1.1575257324200312,3.7570092732419624e-06,8.724829421424829e-05,0.00018216408179437416,0.00027316938528186444,15,0,True
102.5,-1.8125,1.1270694762035103,1.1271019570426282,3.2480839117887683e-05,8.95560507014892e-05,0.00013613938781445215,0.00025817627763382906,15,1,True
102.5,-1.625,1.0664718601089593,1.0665719028363554,0.00010004272739605469,9.41242522733976e-05,0.0001905555279578602,0.00038472250762731247,15,2,True
102.5,-1.375,0.95275943699989163,0.9528019107250485,4.2473725156866315e-05,0.00010259540888746255,0.00019714019623065743,0.00034220933027498629,15,3,True
102.5,-1.125,0.80134954608527342,0.80119826055683474,0.0001512855284386827,0.00011359768629770617,0.00022224677898761194,0.00048712999372400081,15,4,True
102.5,-0.875,0.62721271934003786,0.62700851005236569,0.00020420928767217461,0.0001256257579871356,0.00024706812178741709,0.0005769031674467273,15,5,True
102.5,-0.625,0.46057282365916563,0.46051069132685846,6.2132332307174298e-05,0.0001358993234500394,0.00026574340572551865,0.00046377506148273235,15,6,True
102.5,-0.375,0.3333500989488809,0.33337956731247137,2.9468363590468005e-05,0.0001415882222490783,0.00027120615479693196,0.00044226274063647827,15,7,True
102.5,-0.125,0.26404724582375061,0.264024884198577,2.2361625173605848e-05,0.00014120810668816208,0.00042462165537387173,0.00058819138723563967,15,8,True
107.5,-1.9375,1.2924755458694843,1.2924846189854891,9.0731160047319293e-06,8.75973767595628e-05,0.00020486689871104216,0.0003015373914753369,16,0,True
107.5,-1.8125,1.2510840510401757,1.2511305324537947,4.6481413618959522e-05,9.0943519064135e-05,0.0001534298597344595,0.000290854792417554,16,1,True
107.5,-1.625,1.1700152389377185,1.1701200658698296,0.00010482693211111282,9.743314839005812e-05,0.00021646937226086043,0.00041872945276203138,16,2,True
107.5,-1.375,1.0223919865287436,1.02236466654876,2.7319979983619902e-05,0.00010898547145954396,0.00022548647543721971,0.00036179192688038357,16,3,True
107.5,-1.125,0.83449064505807724,0.83426676217584284,0.00022388288223440522,0.00012300897663120036,0.00025365117489297551,0.00060054303375858104,16,4,True
107.5,-0.875,0.62983231377062965,0.62965149407297327,0.00018081969765637584,0.00013685722127976252,0.00027914526699169347,0.00059682218592783183,16,5,True
107.5,-0.625,0.44467854651683503,0.44468362595781774,5.0794409827137343e-06,0.00014683598995701708,0.00029555043336065942,0.00044746586430039024,16,6,True
107.5,-0.375,0.30976854486363492,0.30974073536309649,2.7809500538433785e-05,0.00015020427567324912,0.00029891851608242865,0.00047693229229411156,16,7,True
107.5,-0.125,0.23739922463299112,0.2375103109780253,0.00011108634503417814,0.0001465867088946693,0.00046479211739273898,0.00072246517132158641,16,8,True
112.5,-1.9375,1.4313877151518004,1.43141125618984,2.3541038039587292e-05,9.137870832010009e-05,0.00020822177372811107,0.00032314152008779845,17,0,True
112.5,-1.8125,1.3752980944497444,1.3753645188820867,6.6424432342282458e-05,9.641301418050752e-05,0.00015611787323089463,0.00031895531975368457,17,1,True
112.5,-1.625,1.2675805321884885,1.2676694747577213,8.8942569232752788e-05,0.00010594645025507887,0.00022076394699659403,0.00041565296648442566,17,2,True
112.5,-1.375,1.0784057455616827,1.0782773064053164,0.000128439156366289,0.00012214586213454837,0.00022946433350309859,0.00048004935200393595,17,3,True
112.5,-1.125,0.84984543391195122,0.8495754685836534,0.0002699653282978165,0.00014038181675857242,0.00025575949553536989,0.00066610664059175875,17,4,True
112.5,-0.875,0.61530093786990503,0.61518560731239225,0.00011533055751278276,0.00015646953801407015,0.00027730343790962616,0.00054910353343647902,17,5,True
112.5,-0.625,0.41498710825660423,0.41506351407473058,7.6405818126346059e-05,0.00016585651618528097,0.00028843474319309291,0.00053069707750471999,17,6,True
112.5,-0.375,0.27527028258944375,0.2751908346898958,7.9447899547946399e-05,0.00016632085986023615,0.0002890819778204558,0.00053485073722863829,17,7,True
112.5,-0.125,0.20079597103070013,0.20102761546796619,0.00023164443726605977,0.00015898756797727565,0.00044659883667793248,0.00083723084192126795,17,8,True
117.5,-1.9375,1.5724395289949942,1.5724945020597692,5.4973064774976876e-05,9.944113702631263e-05,0.00021306301263061621,0.00036747721443190572,18,0,True
117.5,-1.8125,1.4966481304476036,1.4967404822422468,9.2351794643175111e-05,0.00010692869109529823,0.00016021350996564147,0.00035949399570411482,18,1,True
117.5,-1.625,1.3546081569256874,1.3546475253359083,3.9368410220896877e-05,0.00012068261479036835,0.0002284085998938903,0.00038845962490515552,18,2,True
117.5,-1.375,1.1157721710882138,1.1155258265604489,0.0002463445277649523,0.00014273969333844505,0.00023802617372046392,0.00062711039482386127,18,3,True
117.5,-1.125,0.84393137081902037,0.84366548298423916,0.00026588783478120881,0.00016535425587616004,0.00026281707126279258,0.00069405916192016143,18,4,True
117.5,-0.875,0.58228264563978982,0.58226247536104314,2.0170278746678427e-05,0.0001825515133055955,0.00027992769347257187,0.00048264948552484578,18,5,True
117.5,-0.625,0.37129794342152767,0.37143108095222988,0.00013313753070220979,0.00018945086320065752,0.00028488687175779815,0.00060747526566066546,18,6,True
117.5,-0.375,0.22968476156533024,0.22956598287809846,0.00011877868723178531,0.00018525194173735215,0.00028236892807057641,0.00058639955703971387,18,7,True
117.5,-0.125,0.15375503759620246,0.15406747591412046,0.0003124383179179957,0.00017320407060184007,0.00043292314965532978,0.00091856553817516555,18,8,True
122.5,-1.9375,1.711754084702267,1.7118630183824624,0.00010893368019537775,0.00013007447436486075,0.00023810729731022675,0.00047711545187046527,19,0,True
122.5,-1.8125,1.6097550765523949,1.6098728174524004,0.00011774090000549187,0.00014097335209917183,0.00018022527017475247,0.00043893952227941617,19,1,True
122.5,-1.625,1.4243211943272045,1.4242679643931657,5.3229934038778737e-05,0.0001602735372345787,0.00026287564445754937,0.00047637911573090682,19,2,True
122.5,-1.375,1.1282862725245839,1.1279427161257325,0.00034355639885141898,0.00018921159506923857,0.00027890145288425296,0.00081166944680491045,19,3,True
122.5,-1.125,0.81328785905060785,0.81309567684300599,0.00019218220760186533,0.0002158650169697962,0.00030724829089916325,0.00071529551547082479,19,4,True
122.5,-0.875,0.52981641071248275,0.529903668145844,8.7257433361243031e-05,0.00023272315800049181,0.00032246662661753649,0.00064244721797927134,19,5,True
122.5,-0.625,0.31350017494680893,0.31366927014634688,0.00016909519953794971,0.00023540271767419352,0.00032118165212596025,0.00072567956933810348,19,6,True
122.5,-0.375,0.17265589154221028,0.17252298247327272,0.00013290906893756449,0.00022505831931129983,0.000314658747193307,0.00067262613544217132,19,7,True
122.5,-0.125,0.095546118218859388,0.095890908502927155,0.00034479028406776691,0.00020691192243127432,0.00047866275840368223,0.0010303649649027235,19,8,True
127.5,-1.9375,1.8421095063903643,1.8422883539244994,0.00017884753413510701,0.00014938609897896526,0.00028789286791801652,0.0006161265010320888,20,0,True
127.5,-1.8125,1.7058276616508175,1.7059463134452384,0.00011865179442094309,0.00016429147420993218,0.00021859426687397419,0.00050153753550484948,20,1,True
127.5,-1.625,1.4672200952995751,1.4670259947403241,0.00019410055925095371,0.00018948553831754644,0.00032451952943285118,0.00070810562700135134,20,2,True
127.5,-1.375,1.1088926589814641,1.1085072646897494,0.00038539429171469131,0.00022418201953988692,0.00034718222483915264,0.00095675853609373087,20,3,True
127.5,-1.125,0.75493869955836868,0.7548617422514442,7.6957306924474445e-05,0.0002519624655568098,0.00037833658714465175,0.00070725635962593598,20,4,True
127.5,-0.875,0.45743769548681912,0.45759374751202725,0.000156052025208131,0.0002649170731782169,0.00038884204275467299,0.00080981114114102087,20,5,True
127.5,-0.625,0.24149106476327842,0.24164846217259375,0.00015739740931533519,0.0002606152740919354,0.00037785002540103235,0.0007958627088083029,20,6,True
127.5,-0.375,0.10354843826467675,0.10340778077471768,0.0001406574899590618,0.000243009625286561,0.00036575087786387244,0.0007494179931094953,20,7,True
127.5,-0.125,0.025131136243256136,0.025439591465399453,0.00030845522214331678,0.00021935272631967706,0.00055236553156068867,0.0010801734800236825,20,8,True
132.5,-1.9375,1.9510632442500806,1.9513205121606265,0.00025726791054592191,0.0001635149750971454,0.00038001365578294559,0.00080079654142601285,21,0,True
132.5,-1.8125,1.7713423796833747,1.7714276091594898,8.522947611511178e-05,0.0001535057033814624,0.00028861841321042311,0.00052735359270699735,21,1,True
132.5,-1.625,1.4708641866258039,1.470542363570615,0.00032182305518890786,0.00017135490570097112,0.00043054993513928736,0.00092372789602916628,21,2,True
132.5,-1.375,1.0503841385983408,1.050086338360213,0.00029780023812775447,0.00019347055140994662,0.00045659802426298768,0.00094786881380068877,21,3,True
132.5,-1.125,0.66681421347244474,0.66689429418074964,8.0080708304897108e-05,0.00020805349553643104,0.00048687718737661231,0.00077501139121794046,21,4,True
132.5,-0.875,0.36506592875357791,0.3652714217867935,0.00020549303321559798,0.00021105260388698532,0.00048685919336073299,0.00090340483046331629,21,5,True
132.5,-0.625,0.15489622418551119,0.15503970363542871,0.00014347944991752182,0.00020244815909309377,0.00046042304620268784,0.00080635065521330348,21,6,True
132.5,-0.375,0.021201982606642411,0.021095472374154184,0.00010651023248822722,0.0001857148613513271,0.00044039884355133262,0.00073262393739088687,21,7,True
132.5,-0.125,-0.059026462031067428,-0.058778620995647887,0.00024784103541954094,0.00016566896957859178,0.00066089083449583064,0.0010744008394939634,21,8,True
137.5,-1.9375,2.0188138128368092,2.01906416823212,0.00025035539531081952,0.0002219539054419961,0.00054342137399309809,0.0010157306747459137,22,0,True
137.5,-1.8125,1.7871603934866445,1.7871204804767664,3.9913009878045358e-05,0.00020296144735021393,0.00041483698353121158,0.00065771144075947086,22,1,True
137.5,-1.625,1.4207002726888973,1.4203110908453713,0.0003891818435259875,0.00022861691464948208,0.00061195673606465441,0.001229755494240124,22,2,True
137.5,-1.375,0.94679286615492353,0.94668451349923988,0.00010835265568365227,0.00025623587884304744,0.00063044352054557437,0.00099503205507227408,22,3,True
137.5,-1.125,0.54826085852387918,0.54846135861820666,0.00020050009432748261,0.00026949353496685813,0.00065165812367640121,0.0011216517529707419,22,4,True
137.5,-0.875,0.25290485720993983,0.25311132183277713,0.00020646462283729905,0.00026562072362068534,0.00063168455106148017,0.0011037698975194647,22,5,True
137.5,-0.625,0.052888843669920305,0.053001647365040351,0.00011280369512004645,0.00024758623435372495,0.00058162840372430957,0.00094201833319808098,22,6,True
137.5,-0.375,-0.076189555965821221,-0.076248119940903969,5.8563975082748243e-05,0.00022197335338636215,0.0005504756112855489,0.0008310129397546593,22,7,True
137.5,-0.125,-0.15903466054591742,-0.1588764958062272,0.00015816473969021416,0.0001955270453257718,0.00082198223794530264,0.0011756740229612885,22,8,True
142.5,-1.9375,2.0166813504259933,2.0167856779366016,0.00010432751060829304,0.0002871132939854526,0.00096036429242404874,0.0013518050970177944,23,0,True
142.5,-1.8125,1.72913480614594,1.7289925813270191,0.00014222481892089966,0.0002904758627104709,0.00073329876442193467,0.0011659994460533052,23,1,True
142.5,-1.625,1.3024081205164526,1.3022092417630164,0.00019887875343616024,0.0003243677780551124,0.0010512512231488458,0.0015744977546401184,23,2,True
142.5,-1.375,0.79491644692040164,0.79511291340681456,0.0001964664864129162,0.000353990554083472,0.0010329890322309716,0.0015834460727273598,23,3,True
142.5,-1.125,0.39996957677424805,0.40026806610959326,0.00029848933534520894,0.0003595784205152608,0.001025696110031472,0.0016837638658919417,23,4,True
142.5,-0.875,0.12084585084250832,0.1210579107506405,0.00021205990813218112,0.00034196116172280355,0.00095951231468078201,0.0015135333845357666,23,5,True
142.5,-0.625,-0.066361268669089091,-0.066256767431018326,0.00010450123807076439,0.0003088773017920765,0.00085957015787154823,0.0012729486977343892,23,6,True
142.5,-0.375,-0.19151247094339752,-0.19148959050599637,2.2880437401145981e-05,0.0002707912502033505,0.00080571928207531643,0.001099390969679813,23,7,True
142.5,-0.125,-0.27792604717539771,-0.2778506878984433,7.5359276954400922e-05,0.00023610239685911694,0.0011987283962078851,0.001510190070021403,23,8,True
146.25,-1.9375,1.94788536507399,1.9479027788702941,1.7413796304044382e-05,0.00042965995704236093,0.00083851084819752013,0.0012855846015439256,24,0,True
146.25,-1.8125,1.6220177627083328,1.6219460835989197,7.1679109413080866e-05,0.000467493506161043,0.00063614842555970717,0.0011753210411338312,24,1,True
146.25,-1.625,1.1628052995209983,1.1628799681257187,7.4668604720384835e-05,0.0005131821565615979,0.00089335394992558204,0.0014812047112075649,24,2,True
146.25,-1.375,0.64962271091732693,0.64993355707037304,0.00031084615304610708,0.0005441504015519794,0.00085385867494602017,0.0017088552295441066,24,3,True
146.25,-1.125,0.27007346140196997,0.27030129851930951,0.00022783711733953549,0.0005365724000159222,0.0008301356694151022,0.0015945451867705599,24,4,True
146.25,-0.875,0.0080577935231739284,0.0081735262339132277,0.00011573271073929935,0.0004968620297151061,0.00076314921269969626,0.0013757439531541017,24,5,True
146.25,-0.625,-0.16913331945279042,-0.16912034442705878,1.2975025731637446e-05,0.00043969535934262893,0.00067512863703115319,0.0011277990221054196,24,6,True
146.25,-0.375,-0.2923907353031423,-0.29237498063037476,1.5754672767542832e-05,0.0003810294336887843,0.00063025934052176485,0.001027043446978092,24,7,True
146.25,-0.125,-0.38205995629269007,-0.38211260737062208,5.265107793200885e-05,0.00033156515244980866,0.00093644587454903773,0.0013206621049308552,24,8,True
148.75,-1.9375,1.8615575685358103,1.8616505817355,9.3013199689684356e-05,0.0004211715825728213,0.00098224668071582246,0.0014964314629783281,25,0,True
148.75,-1.8125,1.5155420829707751,1.5156298614377173,8.7778466942189937e-05,0.0004525215649211489,0.00073846871466431876,0.0012787687465276576,25,1,True
148.75,-1.625,1.044664810585044,1.0449457209925377,0.00028091040749367302,0.0004871133785986359,0.0010250259765364131,0.001793049762628722,25,2,True
148.75,-1.375,0.53857525328927947,0.53893348081724801,0.00035822752796854651,0.0005039656983506502,0.00096874950805743714,0.0018309427343766338,25,3,True
148.75,-1.125,0.17471522612585633,0.17491970164778664,0.00020447552193031404,0.0004867093426786928,0.00093524791003404785,0.0016264327746430547,25,4,True
148.75,-0.875,-0.074447671396013604,-0.074353742406915446,9.3928989098157611e-05,0.0004434906723715937,0.00085558347738885808,0.0013930031388586094,25,5,True
148.75,-0.625,-0.24533143473768337,-0.24534286274707295,1.1428009389580218e-05,0.00038826272719383326,0.0007546147619820183,0.0011543054985654318,25,6,True
148.75,-0.375,-0.36800668000841341,-0.36796255229857111,4.4127709842300966e-05,0.00033464594034460227,0.0007038245389244845,0.0010825981891113877,25,7,True
148.75,-0.125,-0.46003363721652657,-0.46014350591793413,0.00010986870140755611,0.0002908926354801,0.0010453828313853439,0.001446144168273,25,8,True
